[
    {
        "country": "대한민국 / Korea Republic of",
        "countryCode": "KR",
        "number": "+82"
    },
    {
        "country": "미국 / United States",
        "countryCode": "US",
        "number": "+1"
    },
    {
        "country": "캐나다 / Canada",
        "countryCode": "CA",
        "number": "+1"
    },
    {
        "country": "필리핀 / Philippines",
        "countryCode": "PH",
        "number": "+63"
    },
    {
        "country": "일본 / Japan",
        "countryCode": "JP",
        "number": "+81"
    },
    {
        "country": "인도네시아 / Indonesia",
        "countryCode": "ID",
        "number": "+62"
    },
    {
        "country": "대만 / Taiwan",
        "countryCode": "TW",
        "number": "+886"
    },
    {
        "country": "말레이시아 / Malaysia",
        "countryCode": "MY",
        "number": "+60"
    },
    {
        "country": "베트남 / Vietnam",
        "countryCode": "VN",
        "number": "+84"
    },
    {
        "country": "브라질 / Brazil",
        "countryCode": "BR",
        "number": "+55"
    },
    {
        "country": "사우디아라비아 / Saudi Arabia",
        "countryCode": "SA",
        "number": "+966"
    },
    {
        "country": "중국 / China",
        "countryCode": "CN",
        "number": "+86"
    },
    {
        "country": "홍콩 / Hong Kong",
        "countryCode": "HK",
        "number": "+852"
    },
    {
        "country": "영국 / United Kingdom",
        "countryCode": "GB",
        "number": "+44"
    },
    {
        "country": "호주 / Australia",
        "countryCode": "AU",
        "number": "+61"
    },
    {
        "country": "독일 / Germany",
        "countryCode": "DE",
        "number": "+49"
    },
    {
        "country": "신트마르턴 / Sint Maarten",
        "countryCode": "SX",
        "number": "+1721"
    },
    {
        "country": "안도라 / Andorra",
        "countryCode": "AD",
        "number": "+376"
    },
    {
        "country": "아랍에미리트 / United Arab Emirates",
        "countryCode": "AE",
        "number": "+971"
    },
    {
        "country": "아프가니스탄 / Afghanistan",
        "countryCode": "AF",
        "number": "+93"
    },
    {
        "country": "앤티가 바부다 / Antigua and Barbuda",
        "countryCode": "AG",
        "number": "+1268"
    },
    {
        "country": "앵귈라 / Anguilla",
        "countryCode": "AI",
        "number": "+1264"
    },
    {
        "country": "알바니아 / Albania",
        "countryCode": "AL",
        "number": "+355"
    },
    {
        "country": "아르메니아 / Armenia",
        "countryCode": "AM",
        "number": "+374"
    },
    {
        "country": "네덜란드령 안틸레스 / Netherlands Antilles",
        "countryCode": "AN",
        "number": "+599"
    },
    {
        "country": "앙골라 / Angola",
        "countryCode": "AO",
        "number": "+244"
    },
    {
        "country": "남극 / Antarctica",
        "countryCode": "AQ",
        "number": "+672"
    },
    {
        "country": "아르헨티나 / Argentina",
        "countryCode": "AR",
        "number": "+54"
    },
    {
        "country": "아메리칸사모아 / American Samoa",
        "countryCode": "AS",
        "number": "+1684"
    },
    {
        "country": "오스트리아 / Austria",
        "countryCode": "AT",
        "number": "+43"
    },
    {
        "country": "아루바 / Aruba",
        "countryCode": "AW",
        "number": "+297"
    },
    {
        "country": "아제르바이잔 / Azerbaijan",
        "countryCode": "AZ",
        "number": "+994"
    },
    {
        "country": "보스니아 헤르체고비나 / Bosnia and Herzegovina",
        "countryCode": "BA",
        "number": "+387"
    },
    {
        "country": "바베이도스 / Barbados",
        "countryCode": "BB",
        "number": "+1246"
    },
    {
        "country": "방글라데시 / Bangladesh",
        "countryCode": "BD",
        "number": "+880"
    },
    {
        "country": "벨기에 / Belgium",
        "countryCode": "BE",
        "number": "+32"
    },
    {
        "country": "부르키나파소 / Burkina Faso",
        "countryCode": "BF",
        "number": "+226"
    },
    {
        "country": "불가리아 / Bulgaria",
        "countryCode": "BG",
        "number": "+359"
    },
    {
        "country": "바레인 / Bahrain",
        "countryCode": "BH",
        "number": "+973"
    },
    {
        "country": "부룬디 / Burundi",
        "countryCode": "BI",
        "number": "+257"
    },
    {
        "country": "베냉 / Benin",
        "countryCode": "BJ",
        "number": "+229"
    },
    {
        "country": "과들루프 / Saint Barthelemy",
        "countryCode": "BL",
        "number": "+590"
    },
    {
        "country": "버뮤다 / Bermuda",
        "countryCode": "BM",
        "number": "+1441"
    },
    {
        "country": "브루나이 / Brunei Darussalam",
        "countryCode": "BN",
        "number": "+673"
    },
    {
        "country": "볼리비아 / Bolivia",
        "countryCode": "BO",
        "number": "+591"
    },
    {
        "country": "바하마 / Bahamas",
        "countryCode": "BS",
        "number": "+1242"
    },
    {
        "country": "부탄 / Bhutan",
        "countryCode": "BT",
        "number": "+975"
    },
    {
        "country": "보츠와나 / Botswana",
        "countryCode": "BW",
        "number": "+267"
    },
    {
        "country": "벨라루스 / Belarus",
        "countryCode": "BY",
        "number": "+375"
    },
    {
        "country": "벨리즈 / Belize",
        "countryCode": "BZ",
        "number": "+501"
    },
    {
        "country": "호주 / Cocos (Keeling) Islands",
        "countryCode": "CC",
        "number": "+61"
    },
    {
        "country": "콩고 민주 공화국 / Congo",
        "countryCode": "CD",
        "number": "+243"
    },
    {
        "country": "중앙아프리카 공화국 / Central African Republic",
        "countryCode": "CF",
        "number": "+236"
    },
    {
        "country": "콩고 공화국 / Congo-Brazzaville",
        "countryCode": "CG",
        "number": "+242"
    },
    {
        "country": "스위스 / Switzerland",
        "countryCode": "CH",
        "number": "+41"
    },
    {
        "country": "코트디부아르 / Ivory Coast Côte d'Ivoire",
        "countryCode": "CI",
        "number": "+225"
    },
    {
        "country": "쿡 제도 / Cook Islands",
        "countryCode": "CK",
        "number": "+682"
    },
    {
        "country": "칠레 / Chile",
        "countryCode": "CL",
        "number": "+56"
    },
    {
        "country": "카메룬 / Cameroon",
        "countryCode": "CM",
        "number": "+237"
    },
    {
        "country": "콜롬비아 / Colombia",
        "countryCode": "CO",
        "number": "+57"
    },
    {
        "country": "코스타리카 / Costa Rica",
        "countryCode": "CR",
        "number": "+506"
    },
    {
        "country": "쿠바 / Cuba",
        "countryCode": "CU",
        "number": "+53"
    },
    {
        "country": "카보베르데 / Cape Verde",
        "countryCode": "CV",
        "number": "+238"
    },
    {
        "country": "네덜란드령 안틸레스 / Curaçao",
        "countryCode": "CW",
        "number": "+599"
    },
    {
        "country": "호주 / Christmas Island",
        "countryCode": "CX",
        "number": "+61"
    },
    {
        "country": "키프로스 / Cyprus",
        "countryCode": "CY",
        "number": "+357"
    },
    {
        "country": "체코 / Czech Republic",
        "countryCode": "CZ",
        "number": "+420"
    },
    {
        "country": "지부티 / Djibouti",
        "countryCode": "DJ",
        "number": "+253"
    },
    {
        "country": "덴마크 / Denmark",
        "countryCode": "DK",
        "number": "+45"
    },
    {
        "country": "도미니카 연방 / Dominica",
        "countryCode": "DM",
        "number": "+1767"
    },
    {
        "country": "도미니카 공화국 / Dominican Republic",
        "countryCode": "DO",
        "number": "+1809"
    },
    {
        "country": "도미니카 공화국 / Dominican Republic",
        "countryCode": "DO",
        "number": "+1829"
    },
    {
        "country": "도미니카 공화국 / Dominican Republic",
        "countryCode": "DO",
        "number": "+1849"
    },
    {
        "country": "알제리 / Algeria",
        "countryCode": "DZ",
        "number": "+213"
    },
    {
        "country": "에콰도르 / Ecuador",
        "countryCode": "EC",
        "number": "+593"
    },
    {
        "country": "에스토니아 / Estonia",
        "countryCode": "EE",
        "number": "+372"
    },
    {
        "country": "이집트 / Egypt",
        "countryCode": "EG",
        "number": "+20"
    },
    {
        "country": "모로코 / Western Sahara",
        "countryCode": "EH",
        "number": "+212"
    },
    {
        "country": "에리트레아 / Eritrea",
        "countryCode": "ER",
        "number": "+291"
    },
    {
        "country": "스페인 / Spain",
        "countryCode": "ES",
        "number": "+34"
    },
    {
        "country": "에티오피아 / Ethiopia",
        "countryCode": "ET",
        "number": "+251"
    },
    {
        "country": "핀란드 / Finland",
        "countryCode": "FI",
        "number": "+358"
    },
    {
        "country": "피지 / Fiji",
        "countryCode": "FJ",
        "number": "+679"
    },
    {
        "country": "포클랜드 제도 / Falkland Islands",
        "countryCode": "FK",
        "number": "+500"
    },
    {
        "country": "미크로네시아 연방 / Micronesia",
        "countryCode": "FM",
        "number": "+691"
    },
    {
        "country": "페로 제도 / Faroe Islands",
        "countryCode": "FO",
        "number": "+298"
    },
    {
        "country": "프랑스 / France",
        "countryCode": "FR",
        "number": "+33"
    },
    {
        "country": "가봉 / Gabon",
        "countryCode": "GA",
        "number": "+241"
    },
    {
        "country": "그레나다 / Grenada",
        "countryCode": "GD",
        "number": "+1473"
    },
    {
        "country": "조지아 / Georgia",
        "countryCode": "GE",
        "number": "+995"
    },
    {
        "country": "프랑스령 기아나 / French Guiana",
        "countryCode": "GF",
        "number": "+594"
    },
    {
        "country": "영국 / Guernsey",
        "countryCode": "GG",
        "number": "+44"
    },
    {
        "country": "가나 / Ghana",
        "countryCode": "GH",
        "number": "+233"
    },
    {
        "country": "지브롤터 / Gibraltar",
        "countryCode": "GI",
        "number": "+350"
    },
    {
        "country": "그린란드 / Greenland",
        "countryCode": "GL",
        "number": "+299"
    },
    {
        "country": "감비아 / Gambia",
        "countryCode": "GM",
        "number": "+220"
    },
    {
        "country": "기니 / Guinea",
        "countryCode": "GN",
        "number": "+224"
    },
    {
        "country": "과들루프 / Guadeloupe",
        "countryCode": "GP",
        "number": "+590"
    },
    {
        "country": "적도 기니 / Equatorial Guinea",
        "countryCode": "GQ",
        "number": "+240"
    },
    {
        "country": "그리스 / Greece",
        "countryCode": "GR",
        "number": "+30"
    },
    {
        "country": "과테말라 / Guatemala",
        "countryCode": "GT",
        "number": "+502"
    },
    {
        "country": "괌 / Guam",
        "countryCode": "GU",
        "number": "+1671"
    },
    {
        "country": "기니비사우 / Guinea-Bissau",
        "countryCode": "GW",
        "number": "+245"
    },
    {
        "country": "가이아나 / Guyana",
        "countryCode": "GY",
        "number": "+592"
    },
    {
        "country": "온두라스 / Honduras",
        "countryCode": "HN",
        "number": "+504"
    },
    {
        "country": "크로아티아 / Croatia",
        "countryCode": "HR",
        "number": "+385"
    },
    {
        "country": "아이티 / Haiti",
        "countryCode": "HT",
        "number": "+509"
    },
    {
        "country": "헝가리 / Hungary",
        "countryCode": "HU",
        "number": "+36"
    },
    {
        "country": "아일랜드 / Ireland",
        "countryCode": "IE",
        "number": "+353"
    },
    {
        "country": "이스라엘 / Israel",
        "countryCode": "IL",
        "number": "+972"
    },
    {
        "country": "영국 / Isle of Man",
        "countryCode": "IM",
        "number": "+44"
    },
    {
        "country": "인도 / India",
        "countryCode": "IN",
        "number": "+91"
    },
    {
        "country": "영국령 인도양 지역 / British Indian Ocean Territory",
        "countryCode": "IO",
        "number": "+246"
    },
    {
        "country": "이라크 / Iraq",
        "countryCode": "IQ",
        "number": "+964"
    },
    {
        "country": "이란 / Iran",
        "countryCode": "IR",
        "number": "+98"
    },
    {
        "country": "아이슬란드 / Iceland",
        "countryCode": "IS",
        "number": "+354"
    },
    {
        "country": "이탈리아 / Italy",
        "countryCode": "IT",
        "number": "+39"
    },
    {
        "country": "영국 / Jersey",
        "countryCode": "JE",
        "number": "+44"
    },
    {
        "country": "자메이카 / Jamaica",
        "countryCode": "JM",
        "number": "+1876"
    },
    {
        "country": "요르단 / Jordan",
        "countryCode": "JO",
        "number": "+962"
    },
    {
        "country": "케냐 / Kenya",
        "countryCode": "KE",
        "number": "+254"
    },
    {
        "country": "키르기스스탄 / Kyrgyzstan",
        "countryCode": "KG",
        "number": "+996"
    },
    {
        "country": "캄보디아 / Cambodia",
        "countryCode": "KH",
        "number": "+855"
    },
    {
        "country": "키리바시 / Kiribati",
        "countryCode": "KI",
        "number": "+686"
    },
    {
        "country": "마요트 / Comoros",
        "countryCode": "KM",
        "number": "+269"
    },
    {
        "country": "세인트키츠 네비스 / Saint Kitts and Nevis",
        "countryCode": "KN",
        "number": "+1869"
    },
    {
        "country": "쿠웨이트 / Kuwait",
        "countryCode": "KW",
        "number": "+965"
    },
    {
        "country": "케이맨 제도 / Cayman Islands",
        "countryCode": "KY",
        "number": "+1345"
    },
    {
        "country": "카자흐스탄 / Kazakhstan",
        "countryCode": "KZ",
        "number": "+7"
    },
    {
        "country": "라오스 / Laos",
        "countryCode": "LA",
        "number": "+856"
    },
    {
        "country": "레바논 / Lebanon",
        "countryCode": "LB",
        "number": "+961"
    },
    {
        "country": "세인트루시아 / Saint Lucia",
        "countryCode": "LC",
        "number": "+1758"
    },
    {
        "country": "리히텐슈타인 / Liechtenstein",
        "countryCode": "LI",
        "number": "+423"
    },
    {
        "country": "스리랑카 / Sri Lanka",
        "countryCode": "LK",
        "number": "+94"
    },
    {
        "country": "라이베리아 / Liberia",
        "countryCode": "LR",
        "number": "+231"
    },
    {
        "country": "레소토 / Lesotho",
        "countryCode": "LS",
        "number": "+266"
    },
    {
        "country": "리투아니아 / Lithuania",
        "countryCode": "LT",
        "number": "+370"
    },
    {
        "country": "룩셈부르크 / Luxembourg",
        "countryCode": "LU",
        "number": "+352"
    },
    {
        "country": "라트비아 / Latvia",
        "countryCode": "LV",
        "number": "+371"
    },
    {
        "country": "리비아 / Libya",
        "countryCode": "LY",
        "number": "+218"
    },
    {
        "country": "모로코 / Morocco",
        "countryCode": "MA",
        "number": "+212"
    },
    {
        "country": "모나코 / Monaco",
        "countryCode": "MC",
        "number": "+377"
    },
    {
        "country": "몰도바 / Moldova",
        "countryCode": "MD",
        "number": "+373"
    },
    {
        "country": "몬테네그로 / Montenegro",
        "countryCode": "ME",
        "number": "+382"
    },
    {
        "country": "생마르탱 / Saint Martin",
        "countryCode": "MF",
        "number": "+1599"
    },
    {
        "country": "마다가스카르 / Madagascar",
        "countryCode": "MG",
        "number": "+261"
    },
    {
        "country": "마셜 제도 / Marshall Islands FIXME",
        "countryCode": "MH",
        "number": "+692"
    },
    {
        "country": "마케도니아 공화국 / Macedonia",
        "countryCode": "MK",
        "number": "+389"
    },
    {
        "country": "말리 / Mali",
        "countryCode": "ML",
        "number": "+223"
    },
    {
        "country": "미얀마 / Myanmar",
        "countryCode": "MM",
        "number": "+95"
    },
    {
        "country": "몽골 / Mongolia",
        "countryCode": "MN",
        "number": "+976"
    },
    {
        "country": "마카오 / Macau",
        "countryCode": "MO",
        "number": "+853"
    },
    {
        "country": "북마리아나 제도 / Northern Mariana Islands",
        "countryCode": "MP",
        "number": "+1670"
    },
    {
        "country": "마르티니크 / Martinique",
        "countryCode": "MQ",
        "number": "+596"
    },
    {
        "country": "모리타니 / Mauritania",
        "countryCode": "MR",
        "number": "+222"
    },
    {
        "country": "몬트세랫 / Montserrat",
        "countryCode": "MS",
        "number": "+1664"
    },
    {
        "country": "몰타 / Malta",
        "countryCode": "MT",
        "number": "+356"
    },
    {
        "country": "모리셔스 / Mauritius",
        "countryCode": "MU",
        "number": "+230"
    },
    {
        "country": "몰디브 / Maldives",
        "countryCode": "MV",
        "number": "+960"
    },
    {
        "country": "말라위 / Malawi",
        "countryCode": "MW",
        "number": "+265"
    },
    {
        "country": "멕시코 / Mexico",
        "countryCode": "MX",
        "number": "+52"
    },
    {
        "country": "모잠비크 / Mozambique",
        "countryCode": "MZ",
        "number": "+258"
    },
    {
        "country": "나미비아 / Namibia",
        "countryCode": "NA",
        "number": "+264"
    },
    {
        "country": "누벨칼레도니 / New Caledonia",
        "countryCode": "NC",
        "number": "+687"
    },
    {
        "country": "니제르 / Niger",
        "countryCode": "NE",
        "number": "+227"
    },
    {
        "country": "남극 / Norfolk Island",
        "countryCode": "NF",
        "number": "+672"
    },
    {
        "country": "나이지리아 / Nigeria",
        "countryCode": "NG",
        "number": "+234"
    },
    {
        "country": "니카라과 / Nicaragua",
        "countryCode": "NI",
        "number": "+505"
    },
    {
        "country": "네덜란드 / Netherlands",
        "countryCode": "NL",
        "number": "+31"
    },
    {
        "country": "노르웨이 / Norway",
        "countryCode": "NO",
        "number": "+47"
    },
    {
        "country": "네팔 / Nepal",
        "countryCode": "NP",
        "number": "+977"
    },
    {
        "country": "나우루 / Nauru",
        "countryCode": "NR",
        "number": "+674"
    },
    {
        "country": "니우에 / Niue",
        "countryCode": "NU",
        "number": "+683"
    },
    {
        "country": "뉴질랜드 / New Zealand",
        "countryCode": "NZ",
        "number": "+64"
    },
    {
        "country": "오만 / Oman",
        "countryCode": "OM",
        "number": "+968"
    },
    {
        "country": "파나마 / Panama",
        "countryCode": "PA",
        "number": "+507"
    },
    {
        "country": "페루 / Peru",
        "countryCode": "PE",
        "number": "+51"
    },
    {
        "country": "프랑스령 폴리네시아 / French Polynesia",
        "countryCode": "PF",
        "number": "+689"
    },
    {
        "country": "파푸아 뉴기니 / Papua New Guinea",
        "countryCode": "PG",
        "number": "+675"
    },
    {
        "country": "파키스탄 / Pakistan",
        "countryCode": "PK",
        "number": "+92"
    },
    {
        "country": "폴란드 / Poland",
        "countryCode": "PL",
        "number": "+48"
    },
    {
        "country": "생피에르 미클롱 / Saint Pierre and Miquelon",
        "countryCode": "PM",
        "number": "+508"
    },
    {
        "country": "핏케언 제도 / Pitcairn Islands",
        "countryCode": "PN",
        "number": "+870"
    },
    {
        "country": "푸에르토리코 / Puerto Rico",
        "countryCode": "P1",
        "number": "+1939"
    },
    {
        "country": "푸에르토리코 / Puerto Rico",
        "countryCode": "P2",
        "number": "+1787"
    },
    {
        "country": "포르투갈 / Portugal",
        "countryCode": "PT",
        "number": "+351"
    },
    {
        "country": "팔라우 / Palau",
        "countryCode": "PW",
        "number": "+680"
    },
    {
        "country": "파라과이 / Paraguay",
        "countryCode": "PY",
        "number": "+595"
    },
    {
        "country": "카타르 / Qatar",
        "countryCode": "QA",
        "number": "+974"
    },
    {
        "country": "레위니옹 / Réunion",
        "countryCode": "RE",
        "number": "+262"
    },
    {
        "country": "루마니아 / Romania",
        "countryCode": "RO",
        "number": "+40"
    },
    {
        "country": "세르비아 / Serbia",
        "countryCode": "RS",
        "number": "+381"
    },
    {
        "country": "러시아 / Russia",
        "countryCode": "RU",
        "number": "+7"
    },
    {
        "country": "르완다 / Rwanda",
        "countryCode": "RW",
        "number": "+250"
    },
    {
        "country": "솔로몬 제도 / Solomon Islands",
        "countryCode": "SB",
        "number": "+677"
    },
    {
        "country": "세이셸 / Seychelles",
        "countryCode": "SC",
        "number": "+248"
    },
    {
        "country": "수단 / Sudan",
        "countryCode": "SD",
        "number": "+249"
    },
    {
        "country": "남수단 / South Sudan",
        "countryCode": "SS",
        "number": "+211"
    },
    {
        "country": "스웨덴 / Sweden",
        "countryCode": "SE",
        "number": "+46"
    },
    {
        "country": "싱가포르 / Singapore",
        "countryCode": "SG",
        "number": "+65"
    },
    {
        "country": "세인트헬레나 / Saint Helena",
        "countryCode": "SH",
        "number": "+290"
    },
    {
        "country": "슬로베니아 / Slovenia",
        "countryCode": "SI",
        "number": "+386"
    },
    {
        "country": "노르웨이 / Svalbard and Jan Mayen",
        "countryCode": "SJ",
        "number": "+47"
    },
    {
        "country": "슬로바키아 / Slovakia",
        "countryCode": "SK",
        "number": "+421"
    },
    {
        "country": "시에라리온 / Sierra Leone",
        "countryCode": "SL",
        "number": "+232"
    },
    {
        "country": "산마리노 / San Marino",
        "countryCode": "SM",
        "number": "+378"
    },
    {
        "country": "세네갈 / Senegal",
        "countryCode": "SN",
        "number": "+221"
    },
    {
        "country": "소말리아 / Somalia",
        "countryCode": "SO",
        "number": "+252"
    },
    {
        "country": "수리남 / Suriname",
        "countryCode": "SR",
        "number": "+597"
    },
    {
        "country": "상투메 프린시페 / São Tomé and Príncipe",
        "countryCode": "ST",
        "number": "+239"
    },
    {
        "country": "엘살바도르 / El Salvador",
        "countryCode": "SV",
        "number": "+503"
    },
    {
        "country": "시리아 / Syria",
        "countryCode": "SY",
        "number": "+963"
    },
    {
        "country": "스와질란드 / Swaziland",
        "countryCode": "SZ",
        "number": "+268"
    },
    {
        "country": "터크스 케이커스 제도 / Turks and Caicos Islands",
        "countryCode": "TC",
        "number": "+1649"
    },
    {
        "country": "차드 / Chad",
        "countryCode": "TD",
        "number": "+235"
    },
    {
        "country": "토고 / Togo",
        "countryCode": "TG",
        "number": "+228"
    },
    {
        "country": "타이 / Thailand",
        "countryCode": "TH",
        "number": "+66"
    },
    {
        "country": "타지키스탄 / Tajikistan",
        "countryCode": "TJ",
        "number": "+992"
    },
    {
        "country": "토켈라우 / Tokelau",
        "countryCode": "TK",
        "number": "+690"
    },
    {
        "country": "동티모르 / Timor-Leste",
        "countryCode": "TL",
        "number": "+670"
    },
    {
        "country": "투르크메니스탄 / Turkmenistan",
        "countryCode": "TM",
        "number": "+993"
    },
    {
        "country": "튀니지 / Tunisia",
        "countryCode": "TN",
        "number": "+216"
    },
    {
        "country": "통가 / Tonga",
        "countryCode": "TO",
        "number": "+676"
    },
    {
        "country": "터키 / Turkey",
        "countryCode": "TR",
        "number": "+90"
    },
    {
        "country": "트리니다드 토바고 / Trinidad and Tobago",
        "countryCode": "TT",
        "number": "+1868"
    },
    {
        "country": "투발루 / Tuvalu",
        "countryCode": "TV",
        "number": "+688"
    },
    {
        "country": "탄자니아 / Tanzania",
        "countryCode": "TZ",
        "number": "+255"
    },
    {
        "country": "우크라이나 / Ukraine",
        "countryCode": "UA",
        "number": "+380"
    },
    {
        "country": "우간다 / Uganda",
        "countryCode": "UG",
        "number": "+256"
    },
    {
        "country": "미국령 군소 제도 / United States Minor Outlying Islands",
        "countryCode": "UM",
        "number": "+699"
    },
    {
        "country": "우루과이 / Uruguay",
        "countryCode": "UY",
        "number": "+598"
    },
    {
        "country": "우즈베키스탄 / Uzbekistan",
        "countryCode": "UZ",
        "number": "+998"
    },
    {
        "country": "이탈리아 / Holy See (Vatican City)",
        "countryCode": "VA",
        "number": "+39"
    },
    {
        "country": "세인트빈센트 그레나딘 / Saint Vincent and the Grenadines",
        "countryCode": "VC",
        "number": "+1784"
    },
    {
        "country": "베네수엘라 / Venezuela",
        "countryCode": "VE",
        "number": "+58"
    },
    {
        "country": "영국령 버진아일랜드 / British Virgin Islands",
        "countryCode": "VG",
        "number": "+1284"
    },
    {
        "country": "미국령 버진아일랜드 / US Virgin Islands",
        "countryCode": "VI",
        "number": "+1340"
    },
    {
        "country": "바누아투 / Vanuatu",
        "countryCode": "VU",
        "number": "+678"
    },
    {
        "country": "왈리스 퓌튀나 / Wallis and Futuna",
        "countryCode": "WF",
        "number": "+681"
    },
    {
        "country": "사모아 / Samoa",
        "countryCode": "WS",
        "number": "+685"
    },
    {
        "country": "예멘 / Yemen",
        "countryCode": "YE",
        "number": "+967"
    },
    {
        "country": "마요트 / Mayotte",
        "countryCode": "YT",
        "number": "+269"
    },
    {
        "country": "남아프리카 공화국 / South Africa",
        "countryCode": "ZA",
        "number": "+27"
    },
    {
        "country": "잠비아 / Zambia",
        "countryCode": "ZM",
        "number": "+260"
    },
    {
        "country": "짐바브웨 / Zimbabwe",
        "countryCode": "ZW",
        "number": "+263"
    }
]
