[
    {
        "id": 0,
        "title": "카카오톡",
        "src": "/img/카카오톡.png",
        "url": "/faq?service=0"
    },
    {
        "id": 1,
        "title": "카카오계정",
        "src": "/img/카카오계정.png",
        "url": ""
    },
    {
        "id": 2,
        "title": "카카오 이모티콘",
        "src": "/img/카카오 이모티콘.png",
        "url": "#"
    },
    {
        "id": 3,
        "title": "카카오톡 지갑",
        "src": "/img/카카오톡 지갑.png",
        "url": "#"
    },
    {
        "id": 4,
        "title": "My 구독",
        "src": "/img/My 구독.png",
        "url": "#"
    },
    {
        "id": 5,
        "title": "카카오톡 선물하기",
        "src": "/img/카카오톡 선물하기.png",
        "url": "#"
    },
    {
        "id": 6,
        "title": "카카오TV",
        "src": "/img/카카오TV.png",
        "url": "#"
    },
    {
        "id": 7,
        "title": "카카오페이지",
        "src": "/img/카카오페이지.png",
        "url": "#"
    },
    {
        "id": 8,
        "title": "카카오스토리",
        "src": "/img/카카오스토리.png",
        "url": "#"
    },
    {
        "id": 9,
        "title": "카카오같이가치",
        "src": "/img/카카오같이가치.png",
        "url": "#"
    },
    {
        "id": 10,
        "title": "카카오톡 채널 관리자",
        "src": "/img/카카오톡 채널 관리자.png",
        "url": "#"
    },
    {
        "id": 11,
        "title": "카카오맵",
        "src": "/img/카카오맵.png",
        "url": "#"
    }
]
