[
    {
        "id": 0,
        "classification": "카카오 계정관리",
        "subdata": [
            {
                "id": 0,
                "title": "카카오 계정",
                "url": "https://accounts.kakao.com/weblogin/find_account_guide?continue=http://www.kakao.com/main"
            },
            {
                "id": 1,
                "title": "카카오계정 정보관리",
                "url": "https://accounts.kakao.com/login?continue=https%3A%2F%2Faccounts.kakao.com%2Fweblogin%2Faccount%2Finfo"
            },
            {
                "id": 2,
                "title": "비밀번호 재설정",
                "url": "https://accounts.kakao.com/weblogin/find_password?continue=http%3A%2F%2Fwww.kakao.com%2Fmain"
            }
        ]
    },
    {
        "id": 1,
        "classification": "카카오 신고센터",
        "subdata": [
            {
                "id": 0,
                "title": "권리침해신고 안내",
                "url": "http://www.kakao.com/policy/right"
            },
            {
                "id": 1,
                "title": "카카오 권리침해 신고/소명",
                "url": "https://cs.kakao.com/requests?service=41"
            },
            {
                "id": 2,
                "title": "이용자 보호 현황",
                "url": "https://clean.kakao.com/transparence/report"
            },
            {
                "id": 3,
                "title": "안전한 디지털 세상",
                "url": "https://clean.kakao.com/safe/home"
            }
        ]
    }
]
